id. Response ID,submitdate. Date submitted,lastpage. Last page,startlanguage. Start language,seed. Seed,startdate. Date started,datestamp. Date last action,DemQ01. What is your gender?,DemQ01[other]. What is your gender? [Other],DemQ02. What is your age?,DemQ03. What is your current main occupation?,DemQ03[other]. What is your current main occupation? [Other],DemQ04. Which field or industry do you primarily work or study in?,DemQ07[SQ001]. Do you work/study full-time or part-time? [Study],DemQ07[SQ002]. Do you work/study full-time or part-time? [Work],G01Q31. How many years of total work experience do you have in your current field or industry?,DemG055[SQ001]. How long have you been in your current role/position? [Years],DemG055[SQ002]. How long have you been in your current role/position? [Months],DemQ05. What is your position or hierarchy level within your academic field or industry?,DemQ05[other]. What is your position or hierarchy level within your academic field or industry? [Other],DemQ06. What is the typical size of the team you work in?,DemQ06[other]. What is the typical size of the team you work in? [Other],DemQ51[SQ001]. Please rate the extent to which your main occupation involves the following: [Making significant decisions that affect my team/department/organization.],DemQ51[SQ002]. Please rate the extent to which your main occupation involves the following: [Managing budgets or having financial oversight.],DemQ51[SQ003]. Please rate the extent to which your main occupation involves the following: [Supervising or leading other employees.],DemQ51[SQ004]. Please rate the extent to which your main occupation involves the following: [Responsibility for key projects or deliverables.],DemQ51[SQ005]. Please rate the extent to which your main occupation involves the following: [Autonomy in how I carry out my work.],DemQ51[SQ006]. Please rate the extent to which your main occupation involves the following: [Accountability for meeting specific targets or outcomes.],"G03Disclaimer. Disclaimer: “LLM definition: Large Language Models (LLMs), also referred to as Generative Language Models (GLMs), are AI systems capable of generating text based on a prompt. Examples include OpenAI's GPT-4/ChatGPT, Google's Gemini, Microsoft's Co-Pilot, Anthropic's Claude, or Meta's LLama.”",LitQ01[SQ001]. Please rate your ability regarding the following statements: [I can operate LLM applications in everyday life.],LitQ01[SQ002]. Please rate your ability regarding the following statements: [I can use LLM applications to make my everyday life easier.],LitQ01[SQ003]. Please rate your ability regarding the following statements: [I can use LLMs meaningfully to achieve my everyday goals.],"LitQ01[SQ004]. Please rate your ability regarding the following statements: [In everyday life, I can interact with LLMs in a way that makes my tasks easier.]","LitQ01[SQ005]. Please rate your ability regarding the following statements: [In everyday life, I can work together gainfully with an LLM.]",LitQ01[SQ006]. Please rate your ability regarding the following statements: [I can communicate gainfully with LLMs in everyday life.],"LitQ01[SQ007]. Please rate your ability regarding the following statements: [I know the most important concepts of the topic ""artificial intelligence"".]",LitQ01[SQ008]. Please rate your ability regarding the following statements: [I know definitions of artificial intelligence.],LitQ01[SQ009]. Please rate your ability regarding the following statements: [I can assess what the limitations and opportunities of using an LLM are.],LitQ01[SQ010]. Please rate your ability regarding the following statements: [I can assess what advantages and disadvantages the use of an LLM entails.],LitQ01[SQ011]. Please rate your ability regarding the following statements: [I can think of new uses for LLMs.],LitQ01[SQ012]. Please rate your ability regarding the following statements: [I can imagine possible future uses of LLMs.],LitQ01[SQ013]. Please rate your ability regarding the following statements: [I can tell if I am dealing with an application based on LLMs. ],LitQ01[SQ014]. Please rate your ability regarding the following statements: [I can distinguish devices that use LLMs from devices that do not.],LitQ01[SQ015]. Please rate your ability regarding the following statements: [I can distinguish if I interact with an LLM or a real human.],"G04Disclaimer. Disclaimer: “LLM definition: Large Language Models (LLMs), also referred to as Generative Language Models (GLMs), are AI systems capable of generating text based on a prompt. Examples include OpenAI's GPT-4/ChatGPT, Google's Gemini, Microsoft's Co-Pilot, Anthropic's Claude, or Meta's LLama.”",UseQ01[SQ001]. How often do you use generative AI tools (such as ChatGPT) at work? [],UseQ02. What do you use generative AI tools (such as ChatGPT and other large language models) for?,GTCQ01[SQ001]. The tasks I solve using LLMs... [... include much variety.],GTCQ01[SQ002]. The tasks I solve using LLMs... [... mainly consist of solving complex problems.],GTCQ01[SQ003]. The tasks I solve using LLMs... [... hardly consist of routine work.],GTCQ01[SQ004]. The tasks I solve using LLMs... [... require the assessment of a large amount of information/alternatives.],GTCQ01[SQ005]. The tasks I solve using LLMs... [... consist of numerous different elements.],GTCQ02[SQ001]. The tasks I solve with colleagues... [... include much variety.],GTCQ02[SQ002]. The tasks I solve with colleagues... [... mainly consist of solving complex problems.],GTCQ02[SQ003]. The tasks I solve with colleagues... [... hardly consist of routine work.],GTCQ02[SQ004]. The tasks I solve with colleagues... [... require the assessment of a large amount of information/alternatives.],GTCQ02[SQ005]. The tasks I solve with colleagues... [... consist of numerous different elements.],"G05Disclaimer. Disclaimer: “LLM definition: Large Language Models (LLMs), also referred to as Generative Language Models (GLMs), are AI systems capable of generating text based on a prompt. Examples include OpenAI's GPT-4/ChatGPT, Google's Gemini, Microsoft's Co-Pilot, Anthropic's Claude, or Meta's LLama.”",ILQ01[SQ001]. Please rate your agreement with the following statements: [I use my own ideas to solve tasks.],ILQ01[SQ002]. Please rate your agreement with the following statements: [I closely inspect how LLMs solve tasks to improve my own solutions.],ILQ01[SQ003]. Please rate your agreement with the following statements: [I consult LLMs when I am not sure about how well I solved a task myself.],ILQ01[SQ004]. Please rate your agreement with the following statements: [I consult LLMs about which methods and tricks can be used for solving tasks.],"ILQ01[SQ005]. Please rate your agreement with the following statements: [Before starting with a new task, I think about how to solve it in the best way possible.]","ILQ01[SQ006]. Please rate your agreement with the following statements: [After finishing a task, I think about how to solve the next one more efficiently and more precisely.]","ILQ01[SQ007]. Please rate your agreement with the following statements: [While solving a task, I want to learn something from LLMs, so that I can use that knowledge to solve the following task better.]","ILQ01[SQ008]. Please rate your agreement with the following statements: [I want to learn something for myself, because I can then solve the following tasks faster.]",ILQ01[SQ009]. Please rate your agreement with the following statements: [I look at how others work in the company to improve my work.],ILQ01[SQ010]. Please rate your agreement with the following statements: [I ask my colleagues when I am not sure how well I worked.],ILQ01[SQ011]. Please rate your agreement with the following statements: [I ask my colleagues about the methods and tricks they use at work.],"ILQ01[SQ012]. Please rate your agreement with the following statements: [Before starting a new task, I think about how I can do my work best.]","ILQ01[SQ013]. Please rate your agreement with the following statements: [When I have finished a new task, I think about what I still could do better next time.]",ILQ01[SQ014]. Please rate your agreement with the following statements: [I want to learn something new at work for myself because then I can pursue my career at the company.],ILQ01[SQ015]. Please rate your agreement with the following statements: [I want to learn something new for myself because then I can solve problems at work faster.],"G06Disclaimer. Disclaimer: “LLM definition: Large Language Models (LLMs), also referred to as Generative Language Models (GLMs), are AI systems capable of generating text based on a prompt. Examples include OpenAI's GPT-4/ChatGPT, Google's Gemini, Microsoft's Co-Pilot, Anthropic's Claude, or Meta's LLama.”",WrittQ01[SQ001]. Written contributions  Please indicate how often you engage in the following written knowledge-sharing activities with colleagues.  [I share documentation from personal files related to current work.],WrittQ01[SQ002]. Written contributions  Please indicate how often you engage in the following written knowledge-sharing activities with colleagues.  [I contribute ideas and thoughts to a company online database. ],OrgQ01[SQ001]. Organizational communications Please indicate how often you engage in the following organizational communication practices with colleagues. [I express ideas and thoughts in organizational meetings.],OrgQ01[SQ002]. Organizational communications Please indicate how often you engage in the following organizational communication practices with colleagues. [I engage in long-term coaching relationships with junior employees. ],"OrgQ01[SQ003]. Organizational communications Please indicate how often you engage in the following organizational communication practices with colleagues. [I spend time in personal conversation (e.g., discussion in hallway, over lunch, through call) with others to help them with their work-related problems. ]",OrgQ01[SQ004]. Organizational communications Please indicate how often you engage in the following organizational communication practices with colleagues. [I keep others updated with important organizational information through personal conversation. ],OrgQ01[SQ005]. Organizational communications Please indicate how often you engage in the following organizational communication practices with colleagues. [I share passion and excitement on some specific subjects with others through personal conversation.],OrgQ01[SQ006]. Organizational communications Please indicate how often you engage in the following organizational communication practices with colleagues. [I share experiences that may help others avoid risks and trouble through personal conversation.],OrgQ01[SQ007]. Organizational communications Please indicate how often you engage in the following organizational communication practices with colleagues. [I have online chats with others to help them with their work-related problems.],OrgQ01[SQ008]. Organizational communications Please indicate how often you engage in the following organizational communication practices with colleagues. [I spend time in e-mail communication with others to help them with their work-related problems.],"CommQ01[SQ001]. Community exchange  *Community: an informal network of people within or across organizations who voluntarily share common practice, expertise, and interests on specific topics. It is neither an organizational unit nor a team.  Please indicate how often you participate in the following activities within a professional community (as defined above).  [I meet with community* members to create innovative solutions for problems that occur in work.]","CommQ01[SQ002]. Community exchange  *Community: an informal network of people within or across organizations who voluntarily share common practice, expertise, and interests on specific topics. It is neither an organizational unit nor a team.  Please indicate how often you participate in the following activities within a professional community (as defined above).  [I meet with community members to share own experience and practice on specific topics with common interests.]","CommQ01[SQ003]. Community exchange  *Community: an informal network of people within or across organizations who voluntarily share common practice, expertise, and interests on specific topics. It is neither an organizational unit nor a team.  Please indicate how often you participate in the following activities within a professional community (as defined above).  [I meet with community members to share success and failure stories on specific topics with common interests.]","CommQ01[SQ004]. Community exchange  *Community: an informal network of people within or across organizations who voluntarily share common practice, expertise, and interests on specific topics. It is neither an organizational unit nor a team.  Please indicate how often you participate in the following activities within a professional community (as defined above).  [I meet with community members to work to encourage excellence in community’s practice.]","CommQ01[SQ005]. Community exchange  *Community: an informal network of people within or across organizations who voluntarily share common practice, expertise, and interests on specific topics. It is neither an organizational unit nor a team.  Please indicate how often you participate in the following activities within a professional community (as defined above).  [I support personal development of new community members.]","CommQ01[SQ006]. Community exchange  *Community: an informal network of people within or across organizations who voluntarily share common practice, expertise, and interests on specific topics. It is neither an organizational unit nor a team.  Please indicate how often you participate in the following activities within a professional community (as defined above).  [I send related information to members through community e-mail list.]","CommQ01[SQ007]. Community exchange  *Community: an informal network of people within or across organizations who voluntarily share common practice, expertise, and interests on specific topics. It is neither an organizational unit nor a team.  Please indicate how often you participate in the following activities within a professional community (as defined above).  [I share ideas and thoughts on specific topics through company supported online community-of-practice system.]","G07Disclaimer. Disclaimer: “LLM definition: Large Language Models (LLMs), also referred to as Generative Language Models (GLMs), are AI systems capable of generating text based on a prompt. Examples include OpenAI's GPT-4/ChatGPT, Google's Gemini, Microsoft's Co-Pilot, Anthropic's Claude, or Meta's LLama.”",PEUQ01[SQ001]. To what extent do you agree or disagree with the following statements? [Learning to use LLMs is easy for me. ],PEUQ01[SQ002]. To what extent do you agree or disagree with the following statements? [I find it easy to get LLMs to do what I want it to do.],PEUQ01[SQ003]. To what extent do you agree or disagree with the following statements? [My interaction with LLMs is clear and understandable.],PEUQ01[SQ004]. To what extent do you agree or disagree with the following statements? [I find LLMs to be clear and understandable.],PEUQ01[SQ005]. To what extent do you agree or disagree with the following statements? [It is easy for me to become skillful at using LLMs.],PEUQ01[SQ006]. To what extent do you agree or disagree with the following statements? [I find LLMs easy to use.],"G08Disclaimer. Disclaimer: “LLM definition: Large Language Models (LLMs), also referred to as Generative Language Models (GLMs), are AI systems capable of generating text based on a prompt. Examples include OpenAI's GPT-4/ChatGPT, Google's Gemini, Microsoft's Co-Pilot, Anthropic's Claude, or Meta's LLama.”",PUQ01[SQ001]. To what extent do you agree or disagree with the following statements? [Using LLMs in my job enables me to accomplish tasks more quickly.],PUQ01[SQ002]. To what extent do you agree or disagree with the following statements? [Using LLMs improves my job performance.],PUQ01[SQ003]. To what extent do you agree or disagree with the following statements? [Using LLMs in my job increases my productivity.],PUQ01[SQ004]. To what extent do you agree or disagree with the following statements? [Using LLMs enhance my effectiveness on the job.],PUQ01[SQ005]. To what extent do you agree or disagree with the following statements? [Using LLMs makes it easier to do my job.],PUQ01[SQ006]. To what extent do you agree or disagree with the following statements? [I find LLMs useful in my job.],PUQ01[SQ007]. To what extent do you agree or disagree with the following statements? [I trust the information generated by LLMs in my job.],"G09Disclaimer. Disclaimer: “LLM definition: Large Language Models (LLMs), also referred to as Generative Language Models (GLMs), are AI systems capable of generating text based on a prompt. Examples include OpenAI's GPT-4/ChatGPT, Google's Gemini, Microsoft's Co-Pilot, Anthropic's Claude, or Meta's LLama.”",OpenQ01. What’s the most impressive or useful example of LLMs in your environment that comes to your mind?,OpenQ02. What’s the most concerning example of LLMs in your environment that comes to your mind?,"G10Q28. You've reached the last question. We value your opinion on the survey itself. If you have any comments or suggestions, please share them below.  Do you have any feedback that can be implemented in future surveys? ",interviewtime. Total time,groupTime30404. Group time: Demographics,DemQ01Time. Question time: DemQ01,DemQ02Time. Question time: DemQ02,DemQ03Time. Question time: DemQ03,DemQ04Time. Question time: DemQ04,DemQ07Time. Question time: DemQ07,G01Q31Time. Question time: G01Q31,DemG055Time. Question time: DemG055,DemQ05Time. Question time: DemQ05,DemQ06Time. Question time: DemQ06,DemQ51Time. Question time: DemQ51,groupTime30405. Group time: AI Literacy,G03DisclaimerTime. Question time: G03Disclaimer,LitQ01Time. Question time: LitQ01,groupTime30406. Group time: AI Usage in the Workplace,G04DisclaimerTime. Question time: G04Disclaimer,UseQ01Time. Question time: UseQ01,UseQ02Time. Question time: UseQ02,groupTime31251. Group time: Task Complexity,GTCQ01Time. Question time: GTCQ01,GTCQ02Time. Question time: GTCQ02,groupTime30407. Group time: Learning and Problem-Solving at Work,G05DisclaimerTime. Question time: G05Disclaimer,ILQ01Time. Question time: ILQ01,groupTime30408. Group time: How often do you engage in the following activities?,G06DisclaimerTime. Question time: G06Disclaimer,WrittQ01Time. Question time: WrittQ01,OrgQ01Time. Question time: OrgQ01,CommQ01Time. Question time: CommQ01,groupTime30409. Group time: Working with LLMs,G07DisclaimerTime. Question time: G07Disclaimer,PEUQ01Time. Question time: PEUQ01,groupTime30410. Group time: Effects of Using LLMs at Work,G08DisclaimerTime. Question time: G08Disclaimer,PUQ01Time. Question time: PUQ01,groupTime30411. Group time: Further Thoughts on LLMs,G09DisclaimerTime. Question time: G09Disclaimer,OpenQ01Time. Question time: OpenQ01,OpenQ02Time. Question time: OpenQ02,groupTime31270. Group time: Feedback (Optional),G10Q28Time. Question time: G10Q28
,,,,,,,,,,,,,,,,,,,,,,,,,,,,,,,,,,,,,,,,,,,,,,,,,,,,,,,,,,,,,,,,,,,,,,,,,,,,,,,,,,,,,,,,,,,,,,,,,,,,,,,,,,,,,,,,,,,,,,,,,,,,,,,,,,,,,,,,,,,,,,,,,,,,,,,
,,,,,,,,,,,,,,,,,,,,,,,,,,,,,,,,,,,,,,,,,,,,,,,,,,,,,,,,,,,,,,,,,,,,,,,,,,,,,,,,,,,,,,,,,,,,,,,,,,,,,,,,,,,,,,,,,,,,,,,,,,,,,,,,,,,,,,,,,,,,,,,,,,,,,,,
,,,,,,,,,,,,,,,,,,,,,,,,,,,,,,,,,,,,,,,,,,,,,,,,,,,,,,,,,,,,,,,,,,,,,,,,,,,,,,,,,,,,,,,,,,,,,,,,,,,,,,,,,,,,,,,,,,,,,,,,,,,,,,,,,,,,,,,,,,,,,,,,,,,,,,,
,,,,,,,,,,,,,,,,,,,,,,,,,,,,,,,,,,,,,,,,,,,,,,,,,,,,,,,,,,,,,,,,,,,,,,,,,,,,,,,,,,,,,,,,,,,,,,,,,,,,,,,,,,,,,,,,,,,,,,,,,,,,,,,,,,,,,,,,,,,,,,,,,,,,,,,
,,,,,,,,,,,,,,,,,,,,,,,,,,,,,,,,,,,,,,,,,,,,,,,,,,,,,,,,,,,,,,,,,,,,,,,,,,,,,,,,,,,,,,,,,,,,,,,,,,,,,,,,,,,,,,,,,,,,,,,,,,,,,,,,,,,,,,,,,,,,,,,,,,,,,,,
,,,,,,,,,,,,,,,,,,,,,,,,,,,,,,,,,,,,,,,,,,,,,,,,,,,,,,,,,,,,,,,,,,,,,,,,,,,,,,,,,,,,,,,,,,,,,,,,,,,,,,,,,,,,,,,,,,,,,,,,,,,,,,,,,,,,,,,,,,,,,,,,,,,,,,,
,,,,,,,,,,,,,,,,,,,,,,,,,,,,,,,,,,,,,,,,,,,,,,,,,,,,,,,,,,,,,,,,,,,,,,,,,,,,,,,,,,,,,,,,,,,,,,,,,,,,,,,,,,,,,,,,,,,,,,,,,,,,,,,,,,,,,,,,,,,,,,,,,,,,,,,
,,,,,,,,,,,,,,,,,,,,,,,,,,,,,,,,,,,,,,,,,,,,,,,,,,,,,,,,,,,,,,,,,,,,,,,,,,,,,,,,,,,,,,,,,,,,,,,,,,,,,,,,,,,,,,,,,,,,,,,,,,,,,,,,,,,,,,,,,,,,,,,,,,,,,,,
,,,,,,,,,,,,,,,,,,,,,,,,,,,,,,,,,,,,,,,,,,,,,,,,,,,,,,,,,,,,,,,,,,,,,,,,,,,,,,,,,,,,,,,,,,,,,,,,,,,,,,,,,,,,,,,,,,,,,,,,,,,,,,,,,,,,,,,,,,,,,,,,,,,,,,,
,,,,,,,,,,,,,,,,,,,,,,,,,,,,,,,,,,,,,,,,,,,,,,,,,,,,,,,,,,,,,,,,,,,,,,,,,,,,,,,,,,,,,,,,,,,,,,,,,,,,,,,,,,,,,,,,,,,,,,,,,,,,,,,,,,,,,,,,,,,,,,,,,,,,,,,
,,,,,,,,,,,,,,,,,,,,,,,,,,,,,,,,,,,,,,,,,,,,,,,,,,,,,,,,,,,,,,,,,,,,,,,,,,,,,,,,,,,,,,,,,,,,,,,,,,,,,,,,,,,,,,,,,,,,,,,,,,,,,,,,,,,,,,,,,,,,,,,,,,,,,,,
,,,,,,,,,,,,,,,,,,,,,,,,,,,,,,,,,,,,,,,,,,,,,,,,,,,,,,,,,,,,,,,,,,,,,,,,,,,,,,,,,,,,,,,,,,,,,,,,,,,,,,,,,,,,,,,,,,,,,,,,,,,,,,,,,,,,,,,,,,,,,,,,,,,,,,,
,,,,,,,,,,,,,,,,,,,,,,,,,,,,,,,,,,,,,,,,,,,,,,,,,,,,,,,,,,,,,,,,,,,,,,,,,,,,,,,,,,,,,,,,,,,,,,,,,,,,,,,,,,,,,,,,,,,,,,,,,,,,,,,,,,,,,,,,,,,,,,,,,,,,,,,
,,,,,,,,,,,,,,,,,,,,,,,,,,,,,,,,,,,,,,,,,,,,,,,,,,,,,,,,,,,,,,,,,,,,,,,,,,,,,,,,,,,,,,,,,,,,,,,,,,,,,,,,,,,,,,,,,,,,,,,,,,,,,,,,,,,,,,,,,,,,,,,,,,,,,,,
,,,,,,,,,,,,,,,,,,,,,,,,,,,,,,,,,,,,,,,,,,,,,,,,,,,,,,,,,,,,,,,,,,,,,,,,,,,,,,,,,,,,,,,,,,,,,,,,,,,,,,,,,,,,,,,,,,,,,,,,,,,,,,,,,,,,,,,,,,,,,,,,,,,,,,,
,,,,,,,,,,,,,,,,,,,,,,,,,,,,,,,,,,,,,,,,,,,,,,,,,,,,,,,,,,,,,,,,,,,,,,,,,,,,,,,,,,,,,,,,,,,,,,,,,,,,,,,,,,,,,,,,,,,,,,,,,,,,,,,,,,,,,,,,,,,,,,,,,,,,,,,
,,,,,,,,,,,,,,,,,,,,,,,,,,,,,,,,,,,,,,,,,,,,,,,,,,,,,,,,,,,,,,,,,,,,,,,,,,,,,,,,,,,,,,,,,,,,,,,,,,,,,,,,,,,,,,,,,,,,,,,,,,,,,,,,,,,,,,,,,,,,,,,,,,,,,,,
,,,,,,,,,,,,,,,,,,,,,,,,,,,,,,,,,,,,,,,,,,,,,,,,,,,,,,,,,,,,,,,,,,,,,,,,,,,,,,,,,,,,,,,,,,,,,,,,,,,,,,,,,,,,,,,,,,,,,,,,,,,,,,,,,,,,,,,,,,,,,,,,,,,,,,,
,,,,,,,,,,,,,,,,,,,,,,,,,,,,,,,,,,,,,,,,,,,,,,,,,,,,,,,,,,,,,,,,,,,,,,,,,,,,,,,,,,,,,,,,,,,,,,,,,,,,,,,,,,,,,,,,,,,,,,,,,,,,,,,,,,,,,,,,,,,,,,,,,,,,,,,
,,,,,,,,,,,,,,,,,,,,,,,,,,,,,,,,,,,,,,,,,,,,,,,,,,,,,,,,,,,,,,,,,,,,,,,,,,,,,,,,,,,,,,,,,,,,,,,,,,,,,,,,,,,,,,,,,,,,,,,,,,,,,,,,,,,,,,,,,,,,,,,,,,,,,,,
,,,,,,,,,,,,,,,,,,,,,,,,,,,,,,,,,,,,,,,,,,,,,,,,,,,,,,,,,,,,,,,,,,,,,,,,,,,,,,,,,,,,,,,,,,,,,,,,,,,,,,,,,,,,,,,,,,,,,,,,,,,,,,,,,,,,,,,,,,,,,,,,,,,,,,,
,,,,,,,,,,,,,,,,,,,,,,,,,,,,,,,,,,,,,,,,,,,,,,,,,,,,,,,,,,,,,,,,,,,,,,,,,,,,,,,,,,,,,,,,,,,,,,,,,,,,,,,,,,,,,,,,,,,,,,,,,,,,,,,,,,,,,,,,,,,,,,,,,,,,,,,
,,,,,,,,,,,,,,,,,,,,,,,,,,,,,,,,,,,,,,,,,,,,,,,,,,,,,,,,,,,,,,,,,,,,,,,,,,,,,,,,,,,,,,,,,,,,,,,,,,,,,,,,,,,,,,,,,,,,,,,,,,,,,,,,,,,,,,,,,,,,,,,,,,,,,,,
,,,,,,,,,,,,,,,,,,,,,,,,,,,,,,,,,,,,,,,,,,,,,,,,,,,,,,,,,,,,,,,,,,,,,,,,,,,,,,,,,,,,,,,,,,,,,,,,,,,,,,,,,,,,,,,,,,,,,,,,,,,,,,,,,,,,,,,,,,,,,,,,,,,,,,,
,,,,,,,,,,,,,,,,,,,,,,,,,,,,,,,,,,,,,,,,,,,,,,,,,,,,,,,,,,,,,,,,,,,,,,,,,,,,,,,,,,,,,,,,,,,,,,,,,,,,,,,,,,,,,,,,,,,,,,,,,,,,,,,,,,,,,,,,,,,,,,,,,,,,,,,
,,,,,,,,,,,,,,,,,,,,,,,,,,,,,,,,,,,,,,,,,,,,,,,,,,,,,,,,,,,,,,,,,,,,,,,,,,,,,,,,,,,,,,,,,,,,,,,,,,,,,,,,,,,,,,,,,,,,,,,,,,,,,,,,,,,,,,,,,,,,,,,,,,,,,,,
,,,,,,,,,,,,,,,,,,,,,,,,,,,,,,,,,,,,,,,,,,,,,,,,,,,,,,,,,,,,,,,,,,,,,,,,,,,,,,,,,,,,,,,,,,,,,,,,,,,,,,,,,,,,,,,,,,,,,,,,,,,,,,,,,,,,,,,,,,,,,,,,,,,,,,,
,,,,,,,,,,,,,,,,,,,,,,,,,,,,,,,,,,,,,,,,,,,,,,,,,,,,,,,,,,,,,,,,,,,,,,,,,,,,,,,,,,,,,,,,,,,,,,,,,,,,,,,,,,,,,,,,,,,,,,,,,,,,,,,,,,,,,,,,,,,,,,,,,,,,,,,
,,,,,,,,,,,,,,,,,,,,,,,,,,,,,,,,,,,,,,,,,,,,,,,,,,,,,,,,,,,,,,,,,,,,,,,,,,,,,,,,,,,,,,,,,,,,,,,,,,,,,,,,,,,,,,,,,,,,,,,,,,,,,,,,,,,,,,,,,,,,,,,,,,,,,,,
,,,,,,,,,,,,,,,,,,,,,,,,,,,,,,,,,,,,,,,,,,,,,,,,,,,,,,,,,,,,,,,,,,,,,,,,,,,,,,,,,,,,,,,,,,,,,,,,,,,,,,,,,,,,,,,,,,,,,,,,,,,,,,,,,,,,,,,,,,,,,,,,,,,,,,,
,,,,,,,,,,,,,,,,,,,,,,,,,,,,,,,,,,,,,,,,,,,,,,,,,,,,,,,,,,,,,,,,,,,,,,,,,,,,,,,,,,,,,,,,,,,,,,,,,,,,,,,,,,,,,,,,,,,,,,,,,,,,,,,,,,,,,,,,,,,,,,,,,,,,,,,
,,,,,,,,,,,,,,,,,,,,,,,,,,,,,,,,,,,,,,,,,,,,,,,,,,,,,,,,,,,,,,,,,,,,,,,,,,,,,,,,,,,,,,,,,,,,,,,,,,,,,,,,,,,,,,,,,,,,,,,,,,,,,,,,,,,,,,,,,,,,,,,,,,,,,,,
,,,,,,,,,,,,,,,,,,,,,,,,,,,,,,,,,,,,,,,,,,,,,,,,,,,,,,,,,,,,,,,,,,,,,,,,,,,,,,,,,,,,,,,,,,,,,,,,,,,,,,,,,,,,,,,,,,,,,,,,,,,,,,,,,,,,,,,,,,,,,,,,,,,,,,,
,,,,,,,,,,,,,,,,,,,,,,,,,,,,,,,,,,,,,,,,,,,,,,,,,,,,,,,,,,,,,,,,,,,,,,,,,,,,,,,,,,,,,,,,,,,,,,,,,,,,,,,,,,,,,,,,,,,,,,,,,,,,,,,,,,,,,,,,,,,,,,,,,,,,,,,
,,,,,,,,,,,,,,,,,,,,,,,,,,,,,,,,,,,,,,,,,,,,,,,,,,,,,,,,,,,,,,,,,,,,,,,,,,,,,,,,,,,,,,,,,,,,,,,,,,,,,,,,,,,,,,,,,,,,,,,,,,,,,,,,,,,,,,,,,,,,,,,,,,,,,,,
,,,,,,,,,,,,,,,,,,,,,,,,,,,,,,,,,,,,,,,,,,,,,,,,,,,,,,,,,,,,,,,,,,,,,,,,,,,,,,,,,,,,,,,,,,,,,,,,,,,,,,,,,,,,,,,,,,,,,,,,,,,,,,,,,,,,,,,,,,,,,,,,,,,,,,,
,,,,,,,,,,,,,,,,,,,,,,,,,,,,,,,,,,,,,,,,,,,,,,,,,,,,,,,,,,,,,,,,,,,,,,,,,,,,,,,,,,,,,,,,,,,,,,,,,,,,,,,,,,,,,,,,,,,,,,,,,,,,,,,,,,,,,,,,,,,,,,,,,,,,,,,
,,,,,,,,,,,,,,,,,,,,,,,,,,,,,,,,,,,,,,,,,,,,,,,,,,,,,,,,,,,,,,,,,,,,,,,,,,,,,,,,,,,,,,,,,,,,,,,,,,,,,,,,,,,,,,,,,,,,,,,,,,,,,,,,,,,,,,,,,,,,,,,,,,,,,,,
,,,,,,,,,,,,,,,,,,,,,,,,,,,,,,,,,,,,,,,,,,,,,,,,,,,,,,,,,,,,,,,,,,,,,,,,,,,,,,,,,,,,,,,,,,,,,,,,,,,,,,,,,,,,,,,,,,,,,,,,,,,,,,,,,,,,,,,,,,,,,,,,,,,,,,,
,,,,,,,,,,,,,,,,,,,,,,,,,,,,,,,,,,,,,,,,,,,,,,,,,,,,,,,,,,,,,,,,,,,,,,,,,,,,,,,,,,,,,,,,,,,,,,,,,,,,,,,,,,,,,,,,,,,,,,,,,,,,,,,,,,,,,,,,,,,,,,,,,,,,,,,
,,,,,,,,,,,,,,,,,,,,,,,,,,,,,,,,,,,,,,,,,,,,,,,,,,,,,,,,,,,,,,,,,,,,,,,,,,,,,,,,,,,,,,,,,,,,,,,,,,,,,,,,,,,,,,,,,,,,,,,,,,,,,,,,,,,,,,,,,,,,,,,,,,,,,,,
,,,,,,,,,,,,,,,,,,,,,,,,,,,,,,,,,,,,,,,,,,,,,,,,,,,,,,,,,,,,,,,,,,,,,,,,,,,,,,,,,,,,,,,,,,,,,,,,,,,,,,,,,,,,,,,,,,,,,,,,,,,,,,,,,,,,,,,,,,,,,,,,,,,,,,,
,,,,,,,,,,,,,,,,,,,,,,,,,,,,,,,,,,,,,,,,,,,,,,,,,,,,,,,,,,,,,,,,,,,,,,,,,,,,,,,,,,,,,,,,,,,,,,,,,,,,,,,,,,,,,,,,,,,,,,,,,,,,,,,,,,,,,,,,,,,,,,,,,,,,,,,
,,,,,,,,,,,,,,,,,,,,,,,,,,,,,,,,,,,,,,,,,,,,,,,,,,,,,,,,,,,,,,,,,,,,,,,,,,,,,,,,,,,,,,,,,,,,,,,,,,,,,,,,,,,,,,,,,,,,,,,,,,,,,,,,,,,,,,,,,,,,,,,,,,,,,,,
,,,,,,,,,,,,,,,,,,,,,,,,,,,,,,,,,,,,,,,,,,,,,,,,,,,,,,,,,,,,,,,,,,,,,,,,,,,,,,,,,,,,,,,,,,,,,,,,,,,,,,,,,,,,,,,,,,,,,,,,,,,,,,,,,,,,,,,,,,,,,,,,,,,,,,,
,,,,,,,,,,,,,,,,,,,,,,,,,,,,,,,,,,,,,,,,,,,,,,,,,,,,,,,,,,,,,,,,,,,,,,,,,,,,,,,,,,,,,,,,,,,,,,,,,,,,,,,,,,,,,,,,,,,,,,,,,,,,,,,,,,,,,,,,,,,,,,,,,,,,,,,
,,,,,,,,,,,,,,,,,,,,,,,,,,,,,,,,,,,,,,,,,,,,,,,,,,,,,,,,,,,,,,,,,,,,,,,,,,,,,,,,,,,,,,,,,,,,,,,,,,,,,,,,,,,,,,,,,,,,,,,,,,,,,,,,,,,,,,,,,,,,,,,,,,,,,,,
,,,,,,,,,,,,,,,,,,,,,,,,,,,,,,,,,,,,,,,,,,,,,,,,,,,,,,,,,,,,,,,,,,,,,,,,,,,,,,,,,,,,,,,,,,,,,,,,,,,,,,,,,,,,,,,,,,,,,,,,,,,,,,,,,,,,,,,,,,,,,,,,,,,,,,,
52,5/19/25 11:31,10,en,1810879628,5/19/25 11:15,5/19/25 11:31,Male,,199,Employee,,Automotive,No,Full-time,25,4,1,Mid-level,,10-Jun,,5 - A great extent,3,4,4,5 - A great extent,4,,3,5,5,4,5,4,4,3,4,4,5,5,3,4,3,,Multiple times a day,"Research, summarizing documents, creating content, ",5,4,5,6,5,7 - strongly agree,7 - strongly agree,7 - strongly agree,7 - strongly agree,7 - strongly agree,,5,6 - fully agree,5,5,6 - fully agree,4,4,4,5,5,4,6 - fully agree,5,2,6 - fully agree,,often,never,always,always,always,always,always,always,always,always,sometimes,often,often,often,sometimes,rarely,often,,6,5,6,6,6,7 - extremely agree,,6,6,7 - extremely agree,7 - extremely agree,7 - extremely agree,7 - extremely agree,5,,"Summarizing legal documents, creating meeting minutes and results by using meeting transcripts",,"- data privacy information not available on university home page (links at the being of the questionare do not work properly)
- some questions have to be filled to complete the study e.g. age. To give a stronger feeling of privacy it would be great to have ranges for the age e.g. 20-30, 30 - 50 and so on.",982.03,199.1,,,,,,,,,,,131.79,,,65.25,,,,43.9,,,106.31,,,145.17,,,,,25.43,,,26.96,,,61.02,,,,177.1,
53,5/20/25 3:14,10,en,141872021,5/20/25 3:06,5/20/25 3:14,Male,,27,Employee,,Aviation,No,Full-time,1.5,1,0,Entry-level,,5-Feb,,2,1 - Not at all,1 - Not at all,3,3,3,,4,5,3,4,4,3,3,3,5,5,3,2,4,3,5,,Multiple times a month,,3,2,2,4,4,6,6,5,3,6,,5,3,2,5,5,5,4,5,6 - fully agree,5,6 - fully agree,6 - fully agree,4,5,3,,sometimes,sometimes,always,sometimes,often,often,often,often,often,rarely,sometimes,sometimes,often,sometimes,often,never,often,,6,5,6,6,6,5,,5,5,6,6,5,5,3,,Meeting transcripts,,,481.29,89.07,,,,,,,,,,,72.62,,,12.82,,,,55.48,,,77.84,,,80.5,,,,,28,,,26.27,,,21.72,,,,16.97,